,2015-01,2015-02,2015-03,2015-04,2015-05,2015-06,2015-07,2015-08,2015-09,2015-10,2015-11,2015-12,2016-01,2016-02,2016-03,2016-04
shot,0.3049645390070922,0.3397813288477711,0.2772761474793076,0.23449131513647645,0.23034373765310148,0.27361563517915305,0.32221398566839643,0.231496488384657,0.2649279341111874,0.2364607170099162,0.5794888192219702,0.38720694938413763,0.27724665391969394,0.22697498224291673,0.26097956535841693,0.2942186605609616
pope,0.3049645390070922,0.3397813288477711,0.2772761474793076,0.23449131513647645,0.23034373765310148,0.27361563517915305,0.32221398566839643,0.231496488384657,0.14136977264468648,0.2364607170099162,0.3093987157034442,0.2887065805550708,0.27724665391969394,0.22697498224291673,0.26097956535841693,0.49242704084469857
percent,0.3049645390070922,0.3397813288477711,0.2772761474793076,0.4776501499111857,0.23034373765310148,0.27361563517915305,0.32221398566839643,0.231496488384657,0.2649279341111874,0.2364607170099162,0.3093987157034442,0.2887065805550708,0.27724665391969394,0.22697498224291673,0.26097956535841693,0.2942186605609616
global,0.6407850949232894,0.3397813288477711,0.5897569230913319,0.23449131513647645,0.6080663427493909,0.27361563517915305,0.32221398566839643,0.231496488384657,0.38325084290546285,0.2364607170099162,0.3093987157034442,0.2887065805550708,0.27724665391969394,0.22697498224291673,0.26097956535841693,0.2942186605609616
bernie supporters,0.36481531913626325,0.3397813288477711,0.2772761474793076,0.0931123037934533,0.12517455994010507,0.15148809379289582,0.2387476341720498,0.24075782897907566,0.2780842615407102,0.33555638631810225,0.33320208607212937,0.5423017308493437,0.4343315576143814,0.6913205744089078,0.7445341774109474,0.7277905894591542
kill,0.3798968607784309,0.4650239367497335,0.2772761474793076,0.23449131513647645,0.23034373765310148,0.27361563517915305,0.4306638144031464,0.3756911316001353,0.2649279341111874,0.294403345657,0.5729768417013668,0.4142095827691859,0.27724665391969394,0.22697498224291673,0.26097956535841693,0.2942186605609616
democrats,0.5110223302374137,0.6053082302239159,0.49578458118578767,0.45459888003221965,0.44648713155649333,0.5943970523644525,0.5207470032917054,0.487759367923963,0.45394392923376736,0.46188037582042096,0.46186339602610055,0.33991210090042995,0.314994819966405,0.25260675291936335,0.2764398273659673,0.20830495744161395
human,0.5582179504225757,0.3397813288477711,0.2907825406234832,0.23787690044411872,0.23034373765310148,0.4261127076496307,0.6481515989575178,0.45782442068091966,0.36143074769833566,0.3574587744941562,0.5338431283566837,0.4065276472815434,0.5554502129568984,0.22697498224291673,0.26097956535841693,0.2942186605609616
sanders supporters,0.36900074088334306,0.3397813288477711,0.2772761474793076,0.08764192516484791,0.1506666477934372,0.18917247598438616,0.2265900941304326,0.23444237009184846,0.2319582867914753,0.3247939484483551,0.3004938749240453,0.5480850251777283,0.5587119296195276,0.6262158069665978,0.7355647228924005,0.6693124507901249
facts,0.5194896244382011,0.5073207340098637,0.5013215365339722,0.23449131513647645,0.33331398609047713,0.47903307394724925,0.32221398566839643,0.231496488384657,0.2801418419302464,0.3336391201458032,0.34177804120255423,0.5629224243882535,0.5628530593375212,0.22697498224291673,0.26097956535841693,0.2942186605609616
data,0.3049645390070922,0.34213106815126215,0.6537072720377,0.23449131513647645,0.23034373765310148,0.27361563517915305,0.32221398566839643,0.231496488384657,0.2649279341111874,0.2364607170099162,0.3093987157034442,0.3822234625410001,0.27724665391969394,0.22697498224291673,0.26097956535841693,0.2942186605609616
democrat,0.4876451171908375,0.5241047441521677,0.5625826004421255,0.29061045837221006,0.392519204089949,0.549797180927288,0.6165955054751318,0.3865739056014683,0.48492146893376725,0.3481382260600701,0.623750975462508,0.3465424923710954,0.4400754593646161,0.2290931416958747,0.31529320740640937,0.2773520129104175
crime,0.07113211707867845,0.4007124638310404,0.2772761474793076,0.23449131513647645,0.18476949393073505,0.1634566935965538,0.3238865473776712,0.231496488384657,0.2649279341111874,0.45622362727546023,0.30322145746812795,0.37234851556264437,0.27724665391969394,0.22697498224291673,0.26097956535841693,0.2942186605609616
easy,0.41832739905655936,0.3397813288477711,0.3388455810454919,0.23449131513647645,0.23034373765310148,0.27361563517915305,0.35824298754611694,0.22315935401538978,0.2649279341111874,0.2364607170099162,0.3457331196870467,0.5479537800305629,0.27724665391969394,0.22697498224291673,0.26097956535841693,0.2942186605609616
sorry,0.44061374176837026,0.5035043317851442,0.4144852344656776,0.23449131513647645,0.653826448301149,0.355754918651002,0.5666656894934061,0.231496488384657,0.35499977072920613,0.4313719027765036,0.4493256907729488,0.2887065805550708,0.4989439503606865,0.22697498224291673,0.26097956535841693,0.5804353876551435
choice,0.3049645390070922,0.35431906852480716,0.2772761474793076,0.30579542365132234,0.3552039397536048,0.27361563517915305,0.39326203749089594,0.563831857356133,0.2881023753854571,0.35325541949125827,0.3093987157034442,0.3203736698914471,0.1776951733111682,0.27581201000058375,0.26097956535841693,0.2942186605609616
cannot,0.6317271322446566,0.4834997059847616,0.23256797525537942,0.4765388998090572,0.2786710232438505,0.29513151813012267,0.42354937690848943,0.3147148130129867,0.2649279341111874,0.20022020690679912,0.4472027333910994,0.30463399340860564,0.27724665391969394,0.22697498224291673,0.26097956535841693,0.2942186605609616
realize,0.3049645390070922,0.4834997059847616,0.3836020899030682,0.15880476457036222,0.38634299487881074,0.15482232179776953,0.43119750210115754,0.25596530866492745,0.38325084290546285,0.323377864973004,0.3949530643068753,0.2707250664413409,0.2837560796159328,0.42596331689527644,0.4113573080039324,0.42383565794385575
killed,0.3049645390070922,0.3397813288477711,0.2772761474793076,0.23449131513647645,0.23034373765310148,0.27361563517915305,0.32221398566839643,0.231496488384657,0.2649279341111874,0.2838616696363866,0.5919345745666893,0.39128828971992874,0.27724665391969394,0.22697498224291673,0.26097956535841693,0.2942186605609616
gun,0.6049909231754051,0.514780190671221,0.2772761474793076,0.23449131513647645,0.23034373765310148,0.24321197453596194,0.24276007767140312,0.231496488384657,0.13261101669004113,0.2938633742671121,0.37357198212678955,0.6242965444092096,0.5430696239478926,0.22697498224291673,0.26097956535841693,0.34483707674837255
stupid,0.37580843984346757,0.35724953035182433,0.1394850863510054,0.33588197942271614,0.42346628834691896,0.31991122583179155,0.4691726693483256,0.3549503699627857,0.258130426973688,0.3297157332509662,0.4090972374449665,0.29787958033610235,0.35141755461922786,0.27686490999962193,0.32395579461518015,0.44003618964299607
thanks,0.33102337630208667,0.32677567089648885,0.17885723820686183,0.2653835739046132,0.185634263729386,0.260197261266232,0.380438349220541,0.22977027584942422,0.2649279341111874,0.19252146791792918,0.4030825258773258,0.2887065805550708,0.479465120686808,0.285795026579056,0.33824769421902723,0.3870930270432705
deal,0.15525592527361795,0.35147342975971624,0.3138520234938834,0.4835702953316674,0.16830464429012182,0.2519945072939856,0.44781949752551664,0.31733089920363355,0.14396301024362865,0.31279564221003914,0.37241991167204774,0.28159715906001237,0.28096112547722,0.17844203765564695,0.19927698787566187,0.20690524916487812
sex,0.5582179504225757,0.3397813288477711,0.2772761474793076,0.23684544112010636,0.15158115956094428,0.27361563517915305,0.4447305473731364,0.231496488384657,0.3314811731353671,0.2364607170099162,0.3093987157034442,0.2887065805550708,0.27724665391969394,0.22697498224291673,0.26097956535841693,0.2942186605609616
society,0.280502352560322,0.30403316805338265,0.41359491854010744,0.31809951955141397,0.234026945908222,0.383367912806982,0.44570876263265435,0.4574244136704734,0.48719865192807343,0.22881409602842792,0.34798485008302416,0.3107123746222519,0.27724665391969394,0.22697498224291673,0.26097956535841693,0.2942186605609616
growth,0.6232264875837831,0.3397813288477711,0.2772761474793076,0.23449131513647645,0.23034373765310148,0.27361563517915305,0.32221398566839643,0.231496488384657,0.2649279341111874,0.2364607170099162,0.3093987157034442,0.2887065805550708,0.27724665391969394,0.22697498224291673,0.26097956535841693,0.2942186605609616
video,0.3049645390070922,0.3397813288477711,0.2772761474793076,0.2593355685544269,0.23034373765310148,0.27361563517915305,0.540635054114474,0.18282992761232164,0.4470488891419834,0.4915718997539,0.4270788084127154,0.2887065805550708,0.29551501476641334,0.16963177506821656,0.20929689927072687,0.10849011808619789
funding,0.19240663777639064,0.40820113274234276,0.20958996764972415,0.3787342583697237,0.25099034355533595,0.27361563517915305,0.32221398566839643,0.32649055736309535,0.5569451396268111,0.2364607170099162,0.3093987157034442,0.2887065805550708,0.27724665391969394,0.22697498224291673,0.26097956535841693,0.2942186605609616
please,0.3089426686733155,0.536257233355402,0.4562236197378714,0.30240939165746067,0.4695915741525912,0.33624527113658725,0.3994768521405712,0.39259459990399465,0.4097445948012734,0.40942351234571644,0.49473169665792005,0.3695404932965754,0.2664093456047595,0.34582726654180285,0.3477447467387367,0.39607054133680325
unions,0.4080088101094204,0.6178703165870847,0.2772761474793076,0.23449131513647645,0.21814901971609363,0.27361563517915305,0.32221398566839643,0.231496488384657,0.2649279341111874,0.2364607170099162,0.3093987157034442,0.2887065805550708,0.27724665391969394,0.22697498224291673,0.26097956535841693,0.2942186605609616
stuff,0.36724519960406776,0.3397813288477711,0.22505853494415107,0.11178729472024358,0.1953886110131642,0.552387665136302,0.38323171005480644,0.37273484901823645,0.42703778591324776,0.29515791971734523,0.3075067394223974,0.22338055653801878,0.25349533130092683,0.316467303138876,0.24951225535084084,0.27654293115921885
guns,0.3049645390070922,0.3397813288477711,0.2772761474793076,0.23449131513647645,0.23034373765310148,0.26079090380429726,0.37024330247946474,0.231496488384657,0.2649279341111874,0.42022464200497384,0.44523932646392844,0.5752914475383183,0.48463312003270925,0.22697498224291673,0.26097956535841693,0.2942186605609616
reddit,0.4005978599905636,0.5935500323140251,0.31725331600666196,0.29479291864080465,0.3990401541486304,0.3009594530974074,0.3384946841607943,0.3677737382770009,0.28544605682585045,0.4699078887245312,0.3149245324953076,0.3396075209886803,0.4925461120643383,0.31743958245427006,0.31317157274574065,0.33396646372456035
iran,0.3049645390070922,0.3397813288477711,0.4161774430628694,0.6216074019440916,0.23034373765310148,0.27361563517915305,0.44618620878277476,0.3677737382770009,0.3202143661661767,0.2364607170099162,0.3093987157034442,0.2887065805550708,0.27724665391969394,0.22697498224291673,0.26097956535841693,0.2942186605609616
killing,0.3049645390070922,0.3397813288477711,0.2772761474793076,0.23449131513647645,0.23034373765310148,0.27361563517915305,0.32221398566839643,0.231496488384657,0.2649279341111874,0.2364607170099162,0.5679589460545773,0.2887065805550708,0.27724665391969394,0.22697498224291673,0.26097956535841693,0.2942186605609616
blame,0.2262421266108925,0.3691118717994143,0.2619696524473771,0.23449131513647645,0.5190622351739627,0.27361563517915305,0.32221398566839643,0.231496488384657,0.2649279341111874,0.2364607170099162,0.4203885443636467,0.35888546072311567,0.27724665391969394,0.22697498224291673,0.26097956535841693,0.2942186605609616
article,0.3962791226423296,0.3915697544778209,0.25036528843341954,0.32781863631682445,0.45635423873255604,0.2822940856406784,0.380438349220541,0.2746889827376906,0.26528366968347183,0.17092657404461395,0.2297657250642661,0.2941248339390325,0.2599843116248826,0.17913405494011286,0.21511693714744187,0.19312940379053475
climate,0.36184328493628576,0.3397813288477711,0.5225955909255539,0.6429483580509946,0.4856925375454225,0.27361563517915305,0.32221398566839643,0.4637228180419845,0.40478881234565844,0.2828876950133708,0.3093987157034442,0.35824746722340456,0.27724665391969394,0.22697498224291673,0.26097956535841693,0.2942186605609616
kids,0.3620773904257209,0.4156972569067605,0.22148278096978935,0.3421946922467992,0.32073574857654835,0.3695569624381954,0.41237480075770255,0.2853131750418017,0.5141944196354175,0.32907078888711305,0.5116344481276348,0.39734293886057337,0.27724665391969394,0.3568690085950039,0.26097956535841693,0.2942186605609616
violence,0.3049645390070922,0.3397813288477711,0.2772761474793076,0.23449131513647645,0.23034373765310148,0.27361563517915305,0.32221398566839643,0.231496488384657,0.2649279341111874,0.2364607170099162,0.32593167738119166,0.45667214925310085,0.27724665391969394,0.22697498224291673,0.5460612145401228,0.2942186605609616
progressives,0.3049645390070922,0.8728509750677401,0.2772761474793076,0.23449131513647645,0.23034373765310148,0.27361563517915305,0.32221398566839643,0.231496488384657,0.2649279341111874,0.2364607170099162,0.3093987157034442,0.2887065805550708,0.27724665391969394,0.22697498224291673,0.26097956535841693,0.2942186605609616
opinion,0.3554090530553853,0.4070485448582946,0.33697338405441946,0.29479291864080465,0.2394207651642772,0.26813184829463677,0.40942879248310954,0.4922621658342138,0.3096132646626814,0.23905613616558385,0.3093987157034442,0.44504546508611303,0.387479297507072,0.16940813257166254,0.4064742851984955,0.2841207813972429
comment,0.3049645390070922,0.44311138364357266,0.2836816473113226,0.22420703180255183,0.239420765164277,0.49417718992128923,0.44206246278900874,0.4589711624130486,0.2516917224674404,0.3177584834498453,0.3010136694065361,0.47298160183493426,0.4035336726459785,0.3709400989754412,0.37078351801905574,0.4729555521894945
dont,0.566326046585198,0.3397813288477711,0.2772761474793076,0.41062246733184554,0.3441099042267462,0.27361563517915305,0.32221398566839643,0.231496488384657,0.2649279341111874,0.2364607170099162,0.3093987157034442,0.2887065805550708,0.27724665391969394,0.22697498224291673,0.26097956535841693,0.2942186605609616
yourself,0.4604257283350565,0.3397813288477711,0.2772761474793076,0.4170062099586698,0.23034373765310148,0.27361563517915305,0.6394975151810907,0.5216936790213561,0.2649279341111874,0.2364607170099162,0.4030825258773258,0.2887065805550708,0.27724665391969394,0.22697498224291673,0.26097956535841693,0.2942186605609616
labor,0.3049645390070922,0.5996431558469528,0.2772761474793076,0.12229969571218673,0.17576286673767172,0.27361563517915305,0.32903137952455935,0.231496488384657,0.2649279341111874,0.2364607170099162,0.3093987157034442,0.2887065805550708,0.27724665391969394,0.22697498224291673,0.26097956535841693,0.2942186605609616
illegal,0.36260071892538254,0.5141405210158994,0.2890597989744367,0.5343454368633019,0.39923746145397043,0.5159243833699831,0.48823549433395874,0.23759076602799103,0.4903312414833193,0.3299744194050677,0.4528884627930268,0.4177562144673538,0.4201909100116891,0.3002824868069716,0.3492533715487492,0.2942186605609616
racism,0.3049645390070922,0.3397813288477711,0.2772761474793076,0.23449131513647645,0.23034373765310148,0.6126691413085773,0.32221398566839643,0.231496488384657,0.2649279341111874,0.2364607170099162,0.3093987157034442,0.2887065805550708,0.27724665391969394,0.22697498224291673,0.26097956535841693,0.2942186605609616
lol,0.7711404579338945,0.6945075660075218,0.6465989383783798,0.23449131513647645,0.23034373765310148,0.527531898323295,0.6304069838165679,0.5564767832657851,0.2649279341111874,0.5539113866126677,0.6790180514350671,0.6468950667515049,0.5116011120330907,0.5540215650475458,0.6228369983600707,0.5768773919513395
liberals,0.8052688776716769,0.8081528493133296,0.6827939546444032,0.8064852445043482,0.790683265433051,0.7194608052074802,0.8425991887664559,0.7224070332542146,0.6062640682399527,0.7502578597790465,0.7139476541182129,0.6763848486253122,0.5125234254857961,0.22697498224291673,0.26097956535841693,0.2942186605609616
racist,0.6598651835967165,0.5252357722617648,0.5111248815560343,0.23449131513647645,0.23034373765310148,0.5351943916029515,0.5122757914546254,0.4118370658870315,0.5001758680285721,0.5849494271506755,0.709270573963311,0.5008263156046624,0.27724665391969394,0.5481451012403811,0.6316008145798592,0.2942186605609616
bullshit,0.30860361812835274,0.31882598895157416,0.2649876919284122,0.2728060862032695,0.4524499136887039,0.3649552919811781,0.34418671774655907,0.26318441786721464,0.2171149972863964,0.17667060963665665,0.4786099346806691,0.3986415558795705,0.29798472968277095,0.3028439786663304,0.32435740623598525,0.4044471412786758
gay,0.416821475876422,0.3083248453702378,0.37696325104232986,0.4462149744952817,0.29160663629519995,0.28261018590335013,0.34639616359543873,0.528007411077404,0.30434160216792766,0.2364607170099162,0.3141666878103565,0.2650401506111259,0.28107186607899837,0.22697498224291673,0.26097956535841693,0.2942186605609616
immigration,0.3049645390070922,0.3397813288477711,0.2772761474793076,0.23449131513647645,0.23034373765310148,0.27361563517915305,0.5856256429095411,0.231496488384657,0.3205415426462639,0.2364607170099162,0.46086135011961105,0.2887065805550708,0.27724665391969394,0.22697498224291673,0.26097956535841693,0.2942186605609616
abortions,0.3049645390070922,0.3397813288477711,0.2772761474793076,0.23449131513647645,0.23034373765310148,0.27361563517915305,0.4404769233707908,0.5271752277978582,0.40757725535972256,0.2364607170099162,0.42673054207275657,0.2887065805550708,0.27724665391969394,0.22697498224291673,0.26097956535841693,0.2942186605609616
child,0.3899728349091947,0.36688625466032604,0.255907244873602,0.23449131513647645,0.392519204089949,0.5530734338095943,0.563391821589432,0.4391708224487525,0.2649279341111874,0.2364607170099162,0.3093987157034442,0.2887065805550708,0.27724665391969394,0.22697498224291673,0.26097956535841693,0.2942186605609616
baby,0.3049645390070922,0.3397813288477711,0.2772761474793076,0.23449131513647645,0.23034373765310148,0.27361563517915305,0.6361414579670405,0.5584193081901379,0.3836525702387599,0.2364607170099162,0.5049368398730226,0.2887065805550708,0.27724665391969394,0.22697498224291673,0.26097956535841693,0.2942186605609616
removed,0.3049645390070922,0.3397813288477711,0.2772761474793076,0.23449131513647645,0.23034373765310148,0.27361563517915305,0.32221398566839643,0.231496488384657,0.6001688214313128,0.5929246869508056,0.820445845493977,0.7368488175604083,0.7869118176612874,0.8770158239578747,0.8262099680050404,0.7863659435617032
women,0.46728656667167384,0.22362238910834678,0.3091078221598672,0.2875506767307977,0.5102971926303681,0.31006379229232794,0.449195952835986,0.36693016414612273,0.4843108004009639,0.34051505690095857,0.41441345025573606,0.3426816663776261,0.3661246185592205,0.24678940427945023,0.27349852863638935,0.4540190734106957
isis,0.3049645390070922,0.6518366050687011,0.19931555374017917,0.23449131513647645,0.23034373765310148,0.27361563517915305,0.32221398566839643,0.231496488384657,0.2649279341111874,0.2364607170099162,0.4182047940086069,0.3465424923710957,0.27724665391969394,0.22697498224291673,0.26097956535841693,0.2942186605609616
socialist,0.32407470947608663,0.39787388218153386,0.2772761474793076,0.15880476457036222,0.13884606571515237,0.35315175752110817,0.31001209412749137,0.4922621658342138,0.39385213973591104,0.34813822606006983,0.4236626742210344,0.2887065805550708,0.42621835579237854,0.3938547784423465,0.26097956535841693,0.2942186605609616
abortion,0.36613670793160447,0.17542887798590992,0.2462629057157362,0.46438453775676636,0.3822279621329149,0.27361563517915305,0.41420485497145965,0.5740819974132025,0.3727712407634938,0.37963429109837354,0.4731248053494686,0.25166581132055554,0.27724665391969394,0.22697498224291673,0.26097956535841693,0.2942186605609616
marriage,0.47096529895000466,0.43823047241500446,0.2772761474793076,0.3821586149369719,0.28547842354608033,0.2538957741490973,0.2543633350242342,0.4922621658342138,0.360048275517408,0.2364607170099162,0.3093987157034442,0.2887065805550708,0.27724665391969394,0.22697498224291673,0.26097956535841693,0.2942186605609616
teachers,0.3049645390070922,0.6401070346320222,0.2772761474793076,0.23449131513647645,0.23034373765310148,0.27361563517915305,0.32221398566839643,0.231496488384657,0.2649279341111874,0.2364607170099162,0.3093987157034442,0.2887065805550708,0.27724665391969394,0.22697498224291673,0.26097956535841693,0.2942186605609616
trump supporters,0.3049645390070922,0.3397813288477711,0.2772761474793076,0.23449131513647645,0.23034373765310148,0.16100778478490566,0.22282611237865557,0.1317053683456329,0.07560270526298882,0.17627427767406362,0.381136591177147,0.43516155160946696,0.3380384841414555,0.3113207397469554,0.6614770946566071,0.4597151538446633
liberal,0.5330874727661906,0.5701054856833331,0.5051021529017383,0.5137770655285999,0.39104827950744503,0.5219691812957639,0.50196750909303,0.45695573120585015,0.4378389247349342,0.5082803488146939,0.44095254463776606,0.43774642099795946,0.3955337859452267,0.34342584738279586,0.2694237998692903,0.3218752045921833
videos,0.3049645390070922,0.3397813288477711,0.2772761474793076,0.23449131513647645,0.23034373765310148,0.27361563517915305,0.32221398566839643,0.231496488384657,0.5047630086219498,0.2364607170099162,0.3093987157034442,0.2887065805550708,0.27724665391969394,0.22697498224291673,0.26097956535841693,0.2942186605609616
argument,0.37533322720114504,0.5391989937451832,0.5544977023414905,0.3691776976966869,0.31112942600160376,0.3791174404686646,0.5681855307601458,0.33918178716452696,0.33975510162026734,0.29195096914437507,0.3949530643068753,0.5424229474809366,0.4519603285562064,0.29799117206116804,0.26097956535841693,0.23591194496937712
terrorist,0.3049645390070922,0.3397813288477711,0.2772761474793076,0.23449131513647645,0.23034373765310148,0.27361563517915305,0.32221398566839643,0.231496488384657,0.2649279341111874,0.2364607170099162,0.5542401975647704,0.20958657284640195,0.27724665391969394,0.22697498224291673,0.26097956535841693,0.2942186605609616
provide,0.3049645390070922,0.3397813288477711,0.3034417271406305,0.3381503810562976,0.3441099042267462,0.27361563517915305,0.32221398566839643,0.231496488384657,0.4912472416239168,0.2364607170099162,0.3587738904678315,0.2887065805550708,0.27724665391969394,0.22697498224291673,0.26097956535841693,0.2942186605609616
administration,0.3049645390070922,0.3397813288477711,0.5665159965375758,0.23449131513647645,0.39366342884149624,0.27361563517915305,0.32221398566839643,0.22707945514030176,0.2649279341111874,0.2364607170099162,0.3093987157034442,0.2887065805550708,0.27724665391969394,0.22697498224291673,0.26097956535841693,0.2942186605609616
reality,0.2825558705820803,0.4650239367497335,0.2772761474793076,0.23083976767448522,0.239420765164277,0.27361563517915305,0.24231792632752136,0.25494547919760463,0.2512738773067375,0.3407344995494423,0.33184937989085067,0.2887065805550708,0.3515465177980619,0.4564739869476559,0.4652177592913065,0.2942186605609616
babies,0.3049645390070922,0.3397813288477711,0.2772761474793076,0.23449131513647645,0.23034373765310148,0.27361563517915305,0.6647503395027529,0.231496488384657,0.2649279341111874,0.2364607170099162,0.3093987157034442,0.2887065805550708,0.27724665391969394,0.22697498224291673,0.26097956535841693,0.2942186605609616
attack,0.3049645390070922,0.3397813288477711,0.2772761474793076,0.38298308462149583,0.23034373765310148,0.27361563517915305,0.32221398566839643,0.31330230362009365,0.2649279341111874,0.4868301729345967,0.4085485727171111,0.3365461907788968,0.4090579586444909,0.3389835450796797,0.373562847929207,0.2211106213826521
nice,0.3472691778483332,0.3397813288477711,0.6353718834712171,0.2990975246075441,0.4146130149974318,0.2456581740687596,0.32221398566839643,0.21217114283795457,0.3078421800155146,0.34241496386094233,0.3093987157034442,0.3576721864425692,0.27724665391969394,0.22697498224291673,0.26097956535841693,0.3957185735843323
poor,0.34514098739861565,0.3726742316239262,0.2896838835757191,0.18281473780278654,0.192948984647522,0.35465113965430123,0.42088324057575677,0.34738018549865846,0.4208611078351681,0.3304013767325017,0.42228592233371354,0.3373571359851914,0.37935900667783756,0.4151579465891262,0.6061903647830328,0.4093226062444384
global warming,0.6407850949232894,0.3397813288477711,0.9805917249264429,0.23449131513647645,0.6080663427493909,0.27361563517915305,0.32221398566839643,0.231496488384657,0.38325084290546285,0.2364607170099162,0.3093987157034442,0.2887065805550708,0.27724665391969394,0.22697498224291673,0.26097956535841693,0.2942186605609616
parenthood,0.3049645390070922,0.3397813288477711,0.2772761474793076,0.23449131513647645,0.23034373765310148,0.27361563517915305,0.5791788408147105,0.40348705392272827,0.33552267265810354,0.3541607615987398,0.3557071514712509,0.2887065805550708,0.27724665391969394,0.22697498224291673,0.26097956535841693,0.2942186605609616
chance,0.27688026709132785,0.3397813288477711,0.2772761474793076,0.20862173839803222,0.09825818152056376,0.24061631434890382,0.338494684160794,0.14428416089272883,0.26079910170789056,0.18353939973159616,0.3075067394223974,0.2766867696973377,0.2662222783869278,0.4009271900338534,0.34788135567416706,0.43477226031278504
muslims,0.3049645390070922,0.6518366050687011,0.2772761474793076,0.23449131513647645,0.23034373765310148,0.27361563517915305,0.32221398566839643,0.231496488384657,0.2649279341111874,0.2364607170099162,0.23842970386227735,0.49657615945390626,0.27724665391969394,0.22697498224291673,0.26097956535841693,0.2942186605609616
planned parenthood,0.3049645390070922,0.3397813288477711,0.2772761474793076,0.23449131513647645,0.23034373765310148,0.27361563517915305,0.9172933849623603,0.7445279627248065,0.4917157719139221,0.642054166108048,0.46288222068752105,0.2887065805550708,0.27724665391969394,0.22697498224291673,0.26097956535841693,0.2942186605609616
guys,0.32171109355892813,0.3765353621056694,0.2718785215717061,0.12875743514090038,0.3035530222099827,0.2103901535019555,0.38642368157191487,0.19509334638031825,0.3504785952434749,0.34813822606006983,0.3523191409797132,0.3876167173496829,0.3199382643659915,0.4030670518415386,0.4283375148587182,0.43890696685963565
warming,0.3049645390070922,0.3397813288477711,0.6990997387200296,0.23449131513647645,0.23034373765310148,0.27361563517915305,0.32221398566839643,0.231496488384657,0.2649279341111874,0.2364607170099162,0.3093987157034442,0.2887065805550708,0.27724665391969394,0.22697498224291673,0.26097956535841693,0.2942186605609616
points,0.3049645390070922,0.6246515064278425,0.14839406094694352,0.1781403538469862,0.25562253091156817,0.3738421659044038,0.26158737723007086,0.2505531091580909,0.228339696215868,0.14771409613262249,0.25079655917577665,0.25384614705085906,0.2837560796159328,0.19991631732421677,0.27711953128426,0.29909386403163796
serious,0.3049645390070922,0.3397813288477711,0.2836816473113226,0.2911267640765199,0.2741762220237761,0.586957314338455,0.2644763218226389,0.3147148130129867,0.25594789871692797,0.2364607170099162,0.1534917735233772,0.4210610699877351,0.27724665391969394,0.22697498224291673,0.26097956535841693,0.2942186605609616
spend,0.20039877200189693,0.38426357996827937,0.2747362554069165,0.27005943477208527,0.45798155724454737,0.10043993014975107,0.3541111095867512,0.22532031673646405,0.3674745697687878,0.2335795255944278,0.3647530117143113,0.27955968758693545,0.27724665391969394,0.22697498224291673,0.26097956535841693,0.2942186605609616
laws,0.2135326955052622,0.3506754565978395,0.27337514045466355,0.3210742571905157,0.2581178177676263,0.23577724957127905,0.4404769233707908,0.13336785767014128,0.3174601005011513,0.2723313614808474,0.2412823706342295,0.578772582095835,0.32650404935374816,0.22697498224291673,0.24656465575496558,0.2859819498956594
